edge_idx,from_idx,to_idx,route_idx,from_stop_id,to_stop_id,route_short_name,count
0,0,1,0,101,103,1,1111
1,1,2,0,103,104,1,1126
2,2,3,0,104,106,1,1126
3,3,4,0,106,107,1,1126
4,4,5,0,107,108,1,1132
5,5,6,0,108,109,1,1132
6,6,7,0,109,110,1,1132
7,7,8,0,110,111,1,1132
8,8,9,0,111,112,1,1132
9,9,10,0,112,113,1,1132
10,10,11,0,113,114,1,1132
11,11,12,0,114,115,1,1132
12,12,13,0,115,116,1,1142
13,13,14,0,116,117,1,1142
14,14,15,0,117,118,1,1142
15,15,16,0,118,119,1,1142
16,16,17,0,119,120,1,1142
17,17,18,0,120,121,1,1142
18,17,18,1,120,121,2,111
19,17,61,1,120,227,2,848
20,17,61,2,120,227,3,755
21,17,20,1,120,123,2,737
22,17,20,2,120,123,3,755
23,18,19,0,121,122,1,1142
24,18,19,1,121,122,2,111
25,19,20,0,122,123,1,1142
26,19,20,1,122,123,2,111
27,20,21,0,123,124,1,1142
28,20,21,1,123,124,2,111
29,20,24,1,123,127,2,737
30,20,24,2,123,127,3,755
31,21,22,0,124,125,1,1142
32,21,22,1,124,125,2,111
33,22,23,0,125,126,1,1142
34,22,23,1,125,126,2,111
35,23,24,0,126,127,1,1142
36,23,24,1,126,127,2,111
37,24,25,0,127,128,1,1142
38,24,25,1,127,128,2,848
39,24,25,2,127,128,3,751
40,25,26,0,128,129,1,1142
41,25,26,1,128,129,2,111
42,25,29,1,128,132,2,737
43,25,29,2,128,132,3,626
44,26,27,0,129,130,1,1142
45,26,27,1,129,130,2,111
46,27,28,0,130,131,1,1142
47,27,28,1,130,131,2,111
48,28,29,0,131,132,1,1142
49,28,29,1,131,132,2,111
50,29,30,0,132,133,1,1142
51,29,30,1,132,133,2,111
52,29,34,1,132,137,2,737
53,29,34,2,132,137,3,626
54,30,31,0,133,134,1,1142
55,30,31,1,133,134,2,111
56,31,32,0,134,135,1,1142
57,31,32,1,134,135,2,111
58,32,33,0,135,136,1,1142
59,32,33,1,135,136,2,111
60,33,34,0,136,137,1,1142
61,33,34,1,136,137,2,111
62,34,35,0,137,138,1,1142
63,34,62,1,137,228,2,848
64,34,62,2,137,228,3,626
65,35,36,0,138,139,1,1142
66,36,37,0,139,142,1,1142
67,38,39,1,201,204,2,843
68,39,40,1,204,205,2,848
69,39,40,4,204,205,5,24
70,40,41,1,205,206,2,848
71,40,41,4,205,206,5,24
72,41,42,1,206,207,2,848
73,41,42,4,206,207,5,24
74,42,43,1,207,208,2,848
75,42,43,4,207,208,5,24
76,43,44,1,208,209,2,848
77,43,44,4,208,209,5,24
78,43,48,4,208,213,5,3
79,44,45,1,209,210,2,848
80,44,45,4,209,210,5,24
81,45,46,1,210,211,2,848
82,45,46,4,210,211,5,24
83,46,47,1,211,212,2,848
84,46,47,4,211,212,5,24
85,47,48,1,212,213,2,848
86,47,48,4,212,213,5,24
87,48,49,1,213,214,2,848
88,48,49,4,213,214,5,548
89,48,115,4,213,505,5,758
90,48,56,4,213,221,5,78
91,49,50,1,214,215,2,848
92,49,50,4,214,215,5,548
93,50,51,1,215,216,2,848
94,50,51,4,215,216,5,548
95,51,52,1,216,217,2,848
96,51,52,4,216,217,5,548
97,52,53,1,217,218,2,848
98,52,53,4,217,218,5,548
99,53,54,1,218,219,2,848
100,53,54,4,218,219,5,548
101,54,55,1,219,220,2,848
102,54,55,4,219,220,5,548
103,55,56,1,220,221,2,848
104,55,56,4,220,221,5,548
105,56,57,1,221,222,2,848
106,56,57,4,221,222,5,626
107,57,58,1,222,224,2,848
108,57,106,4,222,416,5,626
109,58,59,1,224,225,2,848
110,58,59,2,224,225,3,755
111,58,92,2,224,302,3,752
112,59,60,1,225,226,2,848
113,59,60,2,225,226,3,755
114,60,61,1,226,227,2,848
115,60,61,2,226,227,3,755
116,62,63,1,228,229,2,848
117,62,63,2,228,229,3,626
118,63,64,1,229,230,2,848
119,63,64,2,229,230,3,626
120,64,65,1,230,231,2,848
121,64,65,2,230,231,3,626
122,65,66,1,231,232,2,848
123,65,66,2,231,232,3,626
124,66,67,1,232,233,2,848
125,66,67,2,232,233,3,626
126,67,68,1,233,234,2,848
127,67,68,2,233,234,3,626
128,68,69,1,234,235,2,848
129,68,69,3,234,235,4,898
130,68,69,4,234,235,5,244
131,68,69,2,234,235,3,626
132,68,110,3,234,423,4,898
133,68,110,4,234,423,5,244
134,69,70,1,235,236,2,848
135,69,70,3,235,236,4,180
136,69,70,2,235,236,3,626
137,69,73,3,235,239,4,718
138,69,73,4,235,239,5,244
139,70,71,1,236,237,2,848
140,70,71,3,236,237,4,180
141,70,71,2,236,237,3,626
142,71,72,1,237,238,2,848
143,71,72,3,237,238,4,180
144,71,72,2,237,238,3,626
145,72,73,1,238,239,2,848
146,72,73,3,238,239,4,180
147,72,73,2,238,239,3,626
148,73,74,1,239,241,2,837
149,73,74,4,239,241,5,218
150,73,81,1,239,248,2,11
151,73,81,3,239,248,4,193
152,73,81,4,239,248,5,1
153,73,81,2,239,248,3,626
154,73,83,3,239,250,4,705
155,73,83,4,239,250,5,25
156,74,75,1,241,242,2,837
157,74,75,4,241,242,5,218
158,75,76,1,242,243,2,837
159,75,76,4,242,243,5,218
160,76,77,1,243,244,2,837
161,76,77,4,243,244,5,218
162,77,78,1,244,245,2,837
163,77,78,4,244,245,5,218
164,78,79,1,245,246,2,837
165,78,79,4,245,246,5,218
166,79,80,1,246,247,2,837
167,79,80,4,246,247,5,218
168,81,82,1,248,249,2,11
169,81,82,3,248,249,4,193
170,81,82,4,248,249,5,1
171,81,82,2,248,249,3,626
172,82,83,1,249,250,2,11
173,82,83,3,249,250,4,193
174,82,83,4,249,250,5,1
175,82,83,2,249,250,3,626
176,83,84,1,250,251,2,11
177,83,84,3,250,251,4,182
178,83,84,4,250,251,5,2
179,83,84,2,250,251,3,626
180,84,85,1,251,252,2,11
181,84,85,3,251,252,4,182
182,84,85,4,251,252,5,2
183,84,85,2,251,252,3,626
184,85,86,1,252,253,2,11
185,85,86,3,252,253,4,182
186,85,86,4,252,253,5,2
187,85,86,2,252,253,3,626
188,86,87,1,253,254,2,11
189,86,87,3,253,254,4,182
190,86,87,4,253,254,5,2
191,86,87,2,253,254,3,626
192,87,88,1,254,255,2,11
193,87,88,3,254,255,4,182
194,87,88,4,254,255,5,2
195,87,88,2,254,255,3,626
196,88,89,1,255,256,2,11
197,88,89,3,255,256,4,182
198,88,89,4,255,256,5,2
199,88,89,2,255,256,3,626
200,89,90,1,256,257,2,11
201,89,90,3,256,257,4,182
202,89,90,4,256,257,5,2
203,89,90,2,256,257,3,626
204,91,92,2,301,302,3,745
205,93,94,3,401,402,4,872
206,94,95,3,402,405,4,872
207,95,96,3,405,406,4,889
208,96,97,3,406,407,4,890
209,97,98,3,407,408,4,890
210,98,99,3,408,409,4,890
211,99,100,3,409,410,4,890
212,99,103,3,409,413,4,14
213,100,101,3,410,411,4,890
214,101,102,3,411,412,4,890
215,102,103,3,412,413,4,890
216,103,104,3,413,414,4,904
217,104,105,3,414,415,4,904
218,105,106,3,415,416,4,856
219,105,134,3,415,621,4,48
220,106,134,3,416,621,4,856
221,106,134,4,416,621,5,626
222,107,153,3,418,640,4,904
223,107,153,4,418,640,5,626
224,107,108,3,418,419,4,904
225,107,108,4,418,419,5,626
226,108,109,3,419,420,4,904
227,108,109,4,419,420,5,626
228,109,110,3,420,423,4,898
229,109,110,4,420,423,5,244
230,111,112,4,501,502,5,758
231,112,113,4,502,503,5,758
232,113,114,4,503,504,5,758
233,114,115,4,504,505,5,758
234,116,117,5,601,602,6,895
235,116,117,6,601,602,6X,113
236,117,118,5,602,603,6,895
237,117,118,6,602,603,6X,113
238,118,119,5,603,604,6,895
239,118,119,6,603,604,6X,113
240,119,120,5,604,606,6,895
241,119,120,6,604,606,6X,113
242,120,121,5,606,607,6,895
243,120,121,6,606,607,6X,113
244,121,122,5,607,608,6,895
245,121,122,6,607,608,6X,113
246,122,123,5,608,609,6,1086
247,122,127,6,608,613,6X,113
248,122,127,5,608,613,6,3
249,123,124,5,609,610,6,1086
250,124,125,5,610,611,6,1086
251,125,126,5,611,612,6,1086
252,126,127,5,612,613,6,1086
253,127,128,5,613,614,6,1089
254,127,133,6,613,619,6X,113
255,128,129,5,614,615,6,1089
256,129,130,5,615,616,6,1089
257,130,131,5,616,617,6,1089
258,131,132,5,617,618,6,1089
259,132,133,5,618,619,6,1089
260,133,134,5,619,621,6,1097
261,133,134,6,619,621,6X,113
262,134,139,3,621,626,4,813
263,134,139,4,621,626,5,626
264,134,135,3,621,622,4,91
265,134,135,5,621,622,6,1097
266,134,135,6,621,622,6X,113
267,135,136,3,622,623,4,91
268,135,136,5,622,623,6,1097
269,135,136,6,622,623,6X,113
270,136,137,3,623,624,4,91
271,136,137,5,623,624,6,1097
272,136,137,6,623,624,6X,113
273,137,138,3,624,625,4,91
274,137,138,5,624,625,6,1097
275,137,138,6,624,625,6X,113
276,138,139,3,625,626,4,91
277,138,139,5,625,626,6,1097
278,138,139,6,625,626,6X,113
279,139,142,3,626,629,4,813
280,139,142,4,626,629,5,626
281,139,140,3,626,627,4,91
282,139,140,5,626,627,6,1097
283,139,140,6,626,627,6X,113
284,140,141,3,627,628,4,91
285,140,141,5,627,628,6,1097
286,140,141,6,627,628,6X,113
287,141,142,3,628,629,4,91
288,141,142,5,628,629,6,1097
289,141,142,6,628,629,6X,113
290,142,144,3,629,631,4,813
291,142,144,4,629,631,5,626
292,142,143,3,629,630,4,91
293,142,143,5,629,630,6,1097
294,142,143,6,629,630,6X,113
295,143,144,3,630,631,4,91
296,143,144,5,630,631,6,1097
297,143,144,6,630,631,6X,113
298,144,148,3,631,635,4,813
299,144,148,4,631,635,5,626
300,144,145,3,631,632,4,91
301,144,145,5,631,632,6,1097
302,144,145,6,631,632,6X,113
303,145,146,3,632,633,4,91
304,145,146,5,632,633,6,1097
305,145,146,6,632,633,6X,113
306,146,147,3,633,634,4,91
307,146,147,5,633,634,6,1097
308,146,147,6,633,634,6X,113
309,147,148,3,634,635,4,91
310,147,148,5,634,635,6,1097
311,147,148,6,634,635,6X,113
312,148,153,3,635,640,4,813
313,148,153,4,635,640,5,626
314,148,149,3,635,636,4,91
315,148,149,5,635,636,6,1097
316,148,149,6,635,636,6X,113
317,149,150,3,636,637,4,91
318,149,150,5,636,637,6,1097
319,149,150,6,636,637,6X,113
320,150,151,3,637,638,4,91
321,150,151,5,637,638,6,1097
322,150,151,6,637,638,6X,113
323,151,152,3,638,639,4,91
324,151,152,5,638,639,6,1097
325,151,152,6,638,639,6X,113
326,152,153,3,639,640,4,91
327,152,153,5,639,640,6,1097
328,152,153,6,639,640,6X,113
329,154,155,7,701,702,7,1292
330,154,155,8,701,702,7X,107
331,155,156,7,702,705,7,1328
332,155,158,8,702,707,7X,107
333,156,157,7,705,706,7,1347
334,157,158,7,706,707,7,1347
335,158,159,7,707,708,7,1347
336,158,163,8,707,712,7X,42
337,158,161,8,707,710,7X,65
338,159,160,7,708,709,7,1347
339,160,161,7,709,710,7,1347
340,161,163,7,710,712,7,685
341,161,162,7,710,711,7,662
342,161,162,8,710,711,7X,65
343,162,163,7,711,712,7,662
344,162,163,8,711,712,7X,65
345,163,165,7,712,714,7,685
346,163,165,8,712,714,7X,42
347,163,164,7,712,713,7,662
348,163,164,8,712,713,7X,65
349,164,165,7,713,714,7,662
350,164,165,8,713,714,7X,65
351,165,166,7,714,715,7,1347
352,165,166,8,714,715,7X,107
353,166,167,7,715,716,7,1347
354,166,167,8,715,716,7X,107
355,167,168,7,716,718,7,1347
356,167,168,8,716,718,7X,107
357,168,169,7,718,719,7,1347
358,168,169,8,718,719,7X,107
359,169,170,7,719,720,7,1347
360,169,170,8,719,720,7X,107
361,170,171,7,720,721,7,1347
362,170,171,8,720,721,7X,107
363,171,172,7,721,723,7,1347
364,171,172,8,721,723,7X,107
365,172,173,7,723,724,7,1347
366,172,173,8,723,724,7X,107
367,173,174,7,724,725,7,1347
368,173,174,8,724,725,7X,107
369,174,175,7,725,726,7,1347
370,174,175,8,725,726,7X,107
371,176,177,23,901,902,S,1190
372,178,179,9,A02,A03,A,810
373,179,180,9,A03,A05,A,819
374,180,181,9,A05,A06,A,819
375,181,182,9,A06,A07,A,819
376,182,183,9,A07,A09,A,819
377,183,184,9,A09,A10,A,162
378,183,184,11,A09,A10,C,534
379,183,186,9,A09,A12,A,664
380,184,185,9,A10,A11,A,162
381,184,185,11,A10,A11,C,534
382,185,186,9,A11,A12,A,162
383,185,186,11,A11,A12,C,534
384,186,187,9,A12,A14,A,167
385,186,187,11,A12,A14,C,534
386,186,188,9,A12,A15,A,659
387,187,188,9,A14,A15,A,167
388,187,188,10,A14,A15,B,220
389,187,188,11,A14,A15,C,534
390,187,257,10,A14,D13,B,220
391,188,189,9,A15,A16,A,162
392,188,189,10,A15,A16,B,220
393,188,189,11,A15,A16,C,534
394,188,196,9,A15,A24,A,664
395,188,196,12,A15,A24,D,728
396,188,257,12,A15,D13,D,728
397,189,190,9,A16,A17,A,162
398,189,190,10,A16,A17,B,220
399,189,190,11,A16,A17,C,534
400,190,191,9,A17,A18,A,162
401,190,191,10,A17,A18,B,220
402,190,191,11,A17,A18,C,534
403,191,192,9,A18,A19,A,162
404,191,192,10,A18,A19,B,220
405,191,192,11,A18,A19,C,534
406,192,193,9,A19,A20,A,162
407,192,193,10,A19,A20,B,220
408,192,193,11,A19,A20,C,534
409,193,194,9,A20,A21,A,162
410,193,194,10,A20,A21,B,220
411,193,194,11,A20,A21,C,534
412,194,195,9,A21,A22,A,162
413,194,195,10,A21,A22,B,220
414,194,195,11,A21,A22,C,534
415,195,196,9,A22,A24,A,162
416,195,196,10,A22,A24,B,220
417,195,196,11,A22,A24,C,534
418,196,197,9,A24,A25,A,162
419,196,197,11,A24,A25,C,534
420,196,198,9,A24,A27,A,664
421,196,258,10,A24,D14,B,220
422,196,258,12,A24,D14,D,728
423,197,198,9,A25,A27,A,162
424,197,198,11,A25,A27,C,534
425,197,198,13,A25,A27,E,830
426,197,258,13,A25,D14,E,830
427,198,199,9,A27,A28,A,826
428,198,199,11,A27,A28,C,534
429,198,199,13,A27,A28,E,830
430,199,200,9,A28,A30,A,162
431,199,200,11,A28,A30,C,534
432,199,200,13,A28,A30,E,830
433,199,201,9,A28,A31,A,664
434,200,201,9,A30,A31,A,162
435,200,201,11,A30,A31,C,534
436,200,201,13,A30,A31,E,830
437,201,202,9,A31,A32,A,826
438,201,202,11,A31,A32,C,534
439,201,202,13,A31,A32,E,830
440,202,203,9,A32,A33,A,162
441,202,203,11,A32,A33,C,534
442,202,203,13,A32,A33,E,830
443,202,204,9,A32,A34,A,664
444,203,204,9,A33,A34,A,162
445,203,204,11,A33,A34,C,534
446,203,204,13,A33,A34,E,830
447,204,205,9,A34,A36,A,826
448,204,205,11,A34,A36,C,534
449,204,286,13,A34,E01,E,830
450,205,206,9,A36,A38,A,826
451,205,206,11,A36,A38,C,534
452,206,207,9,A38,A40,A,826
453,206,207,11,A38,A40,C,534
454,207,208,9,A40,A41,A,826
455,207,208,11,A40,A41,C,534
456,208,209,9,A41,A42,A,826
457,208,209,11,A41,A42,C,534
458,208,300,14,A41,F18,F,806
459,208,300,15,A41,F18,FX,4
460,208,301,14,A41,F20,F,806
461,208,305,15,A41,F24,FX,4
462,209,210,9,A42,A43,A,163
463,209,210,11,A42,A43,C,534
464,209,213,9,A42,A46,A,663
465,209,346,16,A42,G36,G,814
466,209,301,16,A42,F20,G,814
467,210,211,9,A43,A44,A,163
468,210,211,11,A43,A44,C,534
469,211,212,9,A44,A45,A,163
470,211,212,11,A44,A45,C,534
471,212,213,9,A45,A46,A,163
472,212,213,11,A45,A46,C,534
473,213,214,9,A46,A47,A,163
474,213,214,11,A46,A47,C,534
475,213,215,9,A46,A48,A,663
476,214,215,9,A47,A48,A,163
477,214,215,11,A47,A48,C,534
478,215,216,9,A48,A49,A,163
479,215,216,11,A48,A49,C,534
480,215,218,9,A48,A51,A,663
481,216,217,9,A49,A50,A,163
482,216,217,11,A49,A50,C,534
483,217,218,9,A50,A51,A,163
484,217,218,11,A50,A51,C,534
485,218,219,9,A51,A52,A,163
486,218,219,11,A51,A52,C,534
487,218,222,9,A51,A55,A,663
488,219,220,9,A52,A53,A,163
489,219,220,11,A52,A53,C,534
490,220,221,9,A53,A54,A,163
491,220,221,11,A53,A54,C,534
492,221,222,9,A54,A55,A,163
493,221,222,11,A54,A55,C,534
494,222,223,9,A55,A57,A,938
495,223,224,9,A57,A59,A,938
496,224,225,9,A59,A60,A,938
497,225,226,9,A60,A61,A,938
498,226,348,9,A61,H02,A,239
499,226,227,9,A61,A63,A,466
500,226,347,9,A61,H01,A,233
501,227,228,9,A63,A64,A,466
502,228,229,9,A64,A65,A,466
503,230,333,14,B04,G20,F,161
504,230,333,19,B04,G20,M,230
505,230,231,14,B04,B06,F,492
506,230,231,19,B04,B06,M,230
507,230,328,14,B04,G14,F,331
508,231,232,14,B06,B08,F,492
509,231,232,19,B06,B08,M,230
510,232,233,14,B08,B10,F,492
511,232,233,19,B08,B10,M,230
512,232,442,20,B08,R14,N,12
513,232,442,21,B08,R14,Q,859
514,232,442,22,B08,R14,R,1
515,232,430,20,B08,Q03,N,12
516,232,430,21,B08,Q03,Q,859
517,232,430,22,B08,Q03,R,1
518,233,259,14,B10,D15,F,492
519,233,259,19,B10,D15,M,230
520,234,464,25,B12,R36,W,2
521,234,464,12,B12,R36,D,728
522,234,464,22,B12,R36,R,1
523,234,238,25,B12,B16,W,2
524,234,238,22,B12,B16,R,1
525,234,235,12,B12,B13,D,728
526,235,236,12,B13,B14,D,728
527,236,237,12,B14,B15,D,728
528,237,238,12,B15,B16,D,728
529,238,243,25,B16,B21,W,2
530,238,243,22,B16,B21,R,1
531,238,239,12,B16,B17,D,728
532,239,240,12,B17,B18,D,728
533,240,241,12,B18,B19,D,728
534,241,242,12,B19,B20,D,728
535,242,243,12,B20,B21,D,728
536,243,244,12,B21,B22,D,724
537,244,245,12,B22,B23,D,720
538,245,285,12,B23,D43,D,720
539,246,247,12,D01,D03,D,727
540,247,248,10,D03,D04,B,132
541,247,248,12,D03,D04,D,728
542,248,249,10,D04,D05,B,135
543,248,249,12,D04,D05,D,728
544,249,250,10,D05,D06,B,132
545,249,250,12,D05,D06,D,688
546,249,251,10,D05,D07,B,3
547,249,251,12,D05,D07,D,40
548,250,251,10,D06,D07,B,132
549,250,251,12,D06,D07,D,688
550,251,252,10,D07,D08,B,135
551,251,252,12,D07,D08,D,688
552,251,257,12,D07,D13,D,40
553,252,253,10,D08,D09,B,135
554,252,253,12,D08,D09,D,688
555,253,254,10,D09,D10,B,135
556,253,254,12,D09,D10,D,688
557,254,255,10,D10,D11,B,135
558,254,255,12,D10,D11,D,688
559,255,256,10,D11,D12,B,135
560,255,256,12,D11,D12,D,688
561,256,257,10,D12,D13,B,135
562,256,257,12,D12,D13,D,688
563,258,259,10,D14,D15,B,220
564,258,259,12,D14,D15,D,728
565,258,296,13,D14,F12,E,830
566,259,260,10,D15,D16,B,220
567,259,260,14,D15,D16,F,806
568,259,260,12,D15,D16,D,728
569,259,260,15,D15,D16,FX,4
570,259,260,19,D15,D16,M,230
571,259,296,14,D15,F12,F,314
572,259,296,15,D15,F12,FX,4
573,260,261,10,D16,D17,B,220
574,260,261,14,D16,D17,F,806
575,260,261,12,D16,D17,D,728
576,260,261,15,D16,D17,FX,4
577,260,261,19,D16,D17,M,230
578,261,264,10,D17,D20,B,220
579,261,264,12,D17,D20,D,728
580,261,262,14,D17,D18,F,806
581,261,262,15,D17,D18,FX,4
582,261,262,19,D17,D18,M,230
583,262,263,14,D18,D19,F,806
584,262,263,15,D18,D19,FX,4
585,262,263,19,D18,D19,M,230
586,263,264,14,D19,D20,F,806
587,263,264,15,D19,D20,FX,4
588,263,264,19,D19,D20,M,230
589,264,265,10,D20,D21,B,220
590,264,265,14,D20,D21,F,806
591,264,265,12,D20,D21,D,728
592,264,265,15,D20,D21,FX,4
593,264,265,19,D20,D21,M,230
594,265,266,10,D21,D22,B,220
595,265,266,12,D21,D22,D,728
596,265,297,14,D21,F14,F,806
597,265,297,15,D21,F14,FX,4
598,265,414,19,D21,M18,M,230
599,266,458,10,D22,R30,B,220
600,266,458,12,D22,R30,D,157
601,266,459,12,D22,R31,D,571
602,267,458,10,D24,R30,B,220
603,267,458,21,D24,R30,Q,859
604,267,268,10,D24,D25,B,220
605,267,268,21,D24,D25,Q,859
606,268,269,10,D25,D26,B,220
607,268,269,21,D25,D26,Q,859
608,269,271,10,D26,D28,B,220
609,269,474,23,D26,S04,S,714
610,269,270,21,D26,D27,Q,859
611,270,271,21,D27,D28,Q,859
612,271,274,10,D28,D31,B,220
613,271,272,21,D28,D29,Q,859
614,272,273,21,D29,D30,Q,859
615,273,274,21,D30,D31,Q,859
616,274,278,10,D31,D35,B,220
617,274,275,21,D31,D32,Q,859
618,275,276,21,D32,D33,Q,859
619,276,277,21,D33,D34,Q,859
620,277,278,21,D34,D35,Q,859
621,278,281,10,D35,D39,B,220
622,278,279,21,D35,D37,Q,859
623,279,280,21,D37,D38,Q,859
624,280,281,21,D38,D39,Q,859
625,281,282,10,D39,D40,B,220
626,281,282,21,D39,D40,Q,859
627,282,283,21,D40,D41,Q,858
628,283,284,21,D41,D42,Q,858
629,284,318,14,D42,F39,F,729
630,284,318,15,D42,F39,FX,4
631,284,285,14,D42,D43,F,729
632,284,285,21,D42,D43,Q,858
633,284,285,15,D42,D43,FX,4
634,285,428,20,D43,N10,N,708
635,287,289,13,F01,F03,E,12
636,287,288,13,F01,F02,E,2
637,287,288,14,F01,F02,F,806
638,287,288,15,F01,F02,FX,4
639,288,289,13,F02,F03,E,2
640,288,289,14,F02,F03,F,806
641,288,289,15,F02,F03,FX,4
642,289,292,13,F03,F06,E,12
643,289,290,13,F03,F04,E,2
644,289,290,14,F03,F04,F,806
645,289,290,15,F03,F04,FX,4
646,290,291,13,F04,F05,E,2
647,290,291,14,F04,F05,F,806
648,290,291,15,F04,F05,FX,4
649,291,321,13,F05,G07,E,559
650,291,292,13,F05,F06,E,561
651,291,292,14,F05,F06,F,806
652,291,292,15,F05,F06,FX,4
653,292,293,13,F06,F07,E,561
654,292,293,14,F06,F07,F,806
655,292,293,15,F06,F07,FX,4
656,292,321,13,F06,G07,E,257
657,292,322,13,F06,G08,E,269
658,293,322,13,F07,G08,E,561
659,293,322,14,F07,G08,F,806
660,293,322,15,F07,G08,FX,4
661,294,334,13,F09,G21,E,830
662,294,334,14,F09,G21,F,314
663,294,334,15,F09,G21,FX,4
664,294,295,13,F09,F11,E,830
665,294,295,14,F09,F11,F,314
666,294,295,15,F09,F11,FX,4
667,295,296,13,F11,F12,E,830
668,295,296,14,F11,F12,F,314
669,295,296,15,F11,F12,FX,4
670,297,298,14,F14,F15,F,806
671,297,298,15,F14,F15,FX,4
672,298,299,14,F15,F16,F,806
673,298,299,15,F15,F16,FX,4
674,299,300,14,F16,F18,F,806
675,299,300,15,F16,F18,FX,4
676,301,302,14,F20,F21,F,806
677,301,302,16,F20,F21,G,814
678,302,303,14,F21,F22,F,806
679,302,303,16,F21,F22,G,814
680,303,304,14,F22,F23,F,806
681,303,304,16,F22,F23,G,814
682,304,305,14,F23,F24,F,806
683,304,305,16,F23,F24,G,814
684,305,306,14,F24,F25,F,806
685,305,306,16,F24,F25,G,814
686,305,308,15,F24,F27,FX,4
687,306,307,14,F25,F26,F,806
688,306,307,16,F25,F26,G,814
689,307,308,14,F26,F27,F,806
690,307,308,16,F26,F27,G,814
691,308,309,14,F27,F29,F,804
692,308,309,15,F27,F29,FX,4
693,309,310,14,F29,F30,F,804
694,309,310,15,F29,F30,FX,4
695,310,311,14,F30,F31,F,804
696,310,311,15,F30,F31,FX,4
697,311,312,14,F31,F32,F,804
698,311,312,15,F31,F32,FX,4
699,312,313,14,F32,F33,F,804
700,312,313,15,F32,F33,FX,4
701,313,314,14,F33,F34,F,804
702,313,314,15,F33,F34,FX,4
703,314,315,14,F34,F35,F,804
704,314,315,15,F34,F35,FX,4
705,315,316,14,F35,F36,F,736
706,315,316,15,F35,F36,FX,4
707,316,317,14,F36,F38,F,736
708,316,317,15,F36,F38,FX,4
709,317,318,14,F38,F39,F,729
710,317,318,15,F38,F39,FX,4
711,319,320,13,G05,G06,E,816
712,319,320,17,G05,G06,J,773
713,319,320,26,G05,G06,Z,12
714,320,321,13,G06,G07,E,816
715,320,361,17,G06,J12,J,761
716,320,361,26,G06,J12,Z,12
717,320,362,17,G06,J13,J,12
718,322,323,13,G08,G09,E,173
719,322,323,14,G08,G09,F,172
720,322,323,19,G08,G09,M,230
721,322,323,22,G08,G09,R,580
722,322,328,13,G08,G14,E,657
723,322,328,14,G08,G14,F,634
724,322,328,15,G08,G14,FX,4
725,323,324,13,G09,G10,E,173
726,323,324,14,G09,G10,F,172
727,323,324,19,G09,G10,M,230
728,323,324,22,G09,G10,R,580
729,324,325,13,G10,G11,E,173
730,324,325,14,G10,G11,F,172
731,324,325,19,G10,G11,M,230
732,324,325,22,G10,G11,R,580
733,325,326,13,G11,G12,E,173
734,325,326,14,G11,G12,F,172
735,325,326,19,G11,G12,M,230
736,325,326,22,G11,G12,R,580
737,326,327,13,G12,G13,E,173
738,326,327,14,G12,G13,F,172
739,326,327,19,G12,G13,M,230
740,326,327,22,G12,G13,R,580
741,327,328,13,G13,G14,E,173
742,327,328,14,G13,G14,F,172
743,327,328,19,G13,G14,M,230
744,327,328,22,G13,G14,R,580
745,328,329,13,G14,G15,E,163
746,328,329,14,G14,G15,F,161
747,328,329,19,G14,G15,M,230
748,328,329,22,G14,G15,R,580
749,328,334,13,G14,G21,E,667
750,328,334,14,G14,G21,F,314
751,328,334,15,G14,G21,FX,4
752,329,330,13,G15,G16,E,163
753,329,330,14,G15,G16,F,161
754,329,330,19,G15,G16,M,230
755,329,330,22,G15,G16,R,580
756,330,331,13,G16,G18,E,163
757,330,331,14,G16,G18,F,161
758,330,331,19,G16,G18,M,230
759,330,331,22,G16,G18,R,580
760,331,332,13,G18,G19,E,163
761,331,332,14,G18,G19,F,161
762,331,332,19,G18,G19,M,230
763,331,332,22,G18,G19,R,580
764,332,333,13,G19,G20,E,163
765,332,333,14,G19,G20,F,161
766,332,333,19,G19,G20,M,230
767,332,333,22,G19,G20,R,580
768,333,334,13,G20,G21,E,163
769,333,334,22,G20,G21,R,580
770,334,440,22,G21,R11,R,612
771,335,336,16,G22,G24,G,814
772,336,337,16,G24,G26,G,814
773,337,338,16,G26,G28,G,814
774,338,339,16,G28,G29,G,814
775,339,340,16,G29,G30,G,814
776,340,341,16,G30,G31,G,814
777,341,342,16,G31,G32,G,814
778,342,343,16,G32,G33,G,814
779,343,344,16,G33,G34,G,814
780,344,345,16,G34,G35,G,814
781,345,346,16,G35,G36,G,814
782,347,348,9,H01,H02,A,233
783,348,349,9,H02,H03,A,472
784,349,350,9,H03,H04,A,472
785,350,351,9,H04,H06,A,462
786,350,357,9,H04,H12,A,10
787,350,357,23,H04,H12,S,480
788,351,352,9,H06,H07,A,462
789,352,353,9,H07,H08,A,462
790,353,354,9,H08,H09,A,462
791,354,355,9,H09,H10,A,462
792,355,356,9,H10,H11,A,462
793,357,358,9,H12,H13,A,10
794,357,358,23,H12,H13,S,480
795,358,359,9,H13,H14,A,10
796,358,359,23,H13,H14,S,480
797,359,360,9,H14,H15,A,10
798,359,360,23,H14,H15,S,480
799,361,362,17,J12,J13,J,761
800,361,363,26,J12,J14,Z,12
801,362,363,17,J13,J14,J,761
802,362,364,17,J13,J15,J,12
803,363,364,17,J14,J15,J,761
804,363,364,26,J14,J15,Z,12
805,364,365,17,J15,J16,J,773
806,364,366,26,J15,J17,Z,12
807,365,366,17,J16,J17,J,761
808,365,367,17,J16,J19,J,12
809,366,367,17,J17,J19,J,761
810,366,368,26,J17,J20,Z,12
811,367,368,17,J19,J20,J,773
812,368,369,17,J20,J21,J,761
813,368,369,26,J20,J21,Z,12
814,368,370,17,J20,J22,J,12
815,369,370,17,J21,J22,J,761
816,369,371,26,J21,J23,Z,12
817,370,371,17,J22,J23,J,761
818,370,372,17,J22,J24,J,12
819,371,372,17,J23,J24,J,761
820,371,372,26,J23,J24,Z,12
821,372,373,17,J24,J27,J,773
822,372,373,26,J24,J27,Z,12
823,373,374,17,J27,J28,J,762
824,373,374,26,J27,J28,Z,12
825,373,375,17,J27,J29,J,12
826,374,375,17,J28,J29,J,762
827,374,376,26,J28,J30,Z,12
828,375,376,17,J29,J30,J,762
829,375,377,17,J29,J31,J,12
830,376,377,17,J30,J31,J,762
831,376,409,26,J30,M11,Z,12
832,377,409,17,J31,M11,J,774
833,378,379,18,L01,L02,L,1498
834,379,380,18,L02,L03,L,1498
835,380,381,18,L03,L05,L,1498
836,381,382,18,L05,L06,L,1498
837,382,383,18,L06,L08,L,1498
838,383,384,18,L08,L10,L,1498
839,384,385,18,L10,L11,L,1498
840,385,386,18,L11,L12,L,1498
841,386,387,18,L12,L13,L,1498
842,387,388,18,L13,L14,L,1498
843,388,389,18,L14,L15,L,1498
844,389,390,18,L15,L16,L,1498
845,390,391,18,L16,L17,L,1498
846,391,392,18,L17,L19,L,1477
847,392,393,18,L19,L20,L,1477
848,393,394,18,L20,L21,L,1477
849,394,395,18,L21,L22,L,1477
850,395,396,18,L22,L24,L,1477
851,396,397,18,L24,L25,L,1477
852,397,398,18,L25,L26,L,1477
853,398,399,18,L26,L27,L,1477
854,399,400,18,L27,L28,L,1477
855,400,401,18,L28,L29,L,1440
856,402,403,19,M01,M04,M,804
857,403,404,19,M04,M05,M,804
858,404,405,19,M05,M06,M,804
859,405,406,19,M06,M08,M,804
860,406,407,19,M08,M09,M,804
861,407,408,19,M09,M10,M,804
862,408,409,19,M10,M11,M,804
863,409,410,19,M11,M12,M,646
864,409,410,17,M11,M12,J,685
865,409,413,17,M11,M16,J,89
866,409,413,26,M11,M16,Z,12
867,410,411,19,M12,M13,M,646
868,410,411,17,M12,M13,J,685
869,411,412,19,M13,M14,M,646
870,411,412,17,M13,M14,J,685
871,412,413,19,M14,M16,M,646
872,412,413,17,M14,M16,J,685
873,413,414,19,M16,M18,M,646
874,413,414,17,M16,M18,J,774
875,413,414,26,M16,M18,Z,12
876,414,415,17,M18,M19,J,774
877,414,415,26,M18,M19,Z,12
878,415,416,17,M19,M20,J,774
879,415,416,26,M19,M20,Z,12
880,416,417,17,M20,M21,J,774
881,416,417,26,M20,M21,Z,12
882,417,418,17,M21,M22,J,774
883,417,418,26,M21,M22,Z,12
884,418,419,17,M22,M23,J,774
885,418,419,26,M22,M23,Z,12
886,420,467,20,N02,R41,N,717
887,420,467,25,N02,R41,W,3
888,420,421,20,N02,N03,N,717
889,420,421,25,N02,N03,W,3
890,421,422,20,N03,N04,N,717
891,421,422,25,N03,N04,W,3
892,422,423,20,N04,N05,N,717
893,422,423,25,N04,N05,W,3
894,423,424,20,N05,N06,N,717
895,423,424,25,N05,N06,W,3
896,424,425,20,N06,N07,N,717
897,424,425,25,N06,N07,W,3
898,425,426,20,N07,N08,N,717
899,425,426,25,N07,N08,W,3
900,426,427,20,N08,N09,N,717
901,426,427,25,N08,N09,W,3
902,427,428,20,N09,N10,N,717
903,427,428,25,N09,N10,W,3
904,429,458,20,Q01,R30,N,32
905,429,458,21,Q01,R30,Q,859
906,429,448,20,Q01,R20,N,241
907,429,448,21,Q01,R20,Q,734
908,429,459,20,Q01,R31,N,552
909,429,450,20,Q01,R22,N,343
910,429,450,21,Q01,R22,Q,125
911,430,431,20,Q03,Q04,N,12
912,430,431,21,Q03,Q04,Q,859
913,430,431,22,Q03,Q04,R,1
914,431,432,20,Q04,Q05,N,12
915,431,432,21,Q04,Q05,Q,859
916,431,432,22,Q04,Q05,R,1
917,433,434,20,R01,R03,N,705
918,433,434,25,R01,R03,W,187
919,434,435,20,R03,R04,N,705
920,434,435,25,R03,R04,W,187
921,435,436,20,R04,R05,N,705
922,435,436,25,R04,R05,W,187
923,436,437,20,R05,R06,N,705
924,436,437,25,R05,R06,W,187
925,437,438,20,R06,R08,N,705
926,437,438,25,R06,R08,W,187
927,438,439,20,R08,R09,N,705
928,438,439,25,R08,R09,W,187
929,439,440,20,R09,R11,N,705
930,439,440,25,R09,R11,W,187
931,440,441,20,R11,R13,N,705
932,440,441,25,R11,R13,W,187
933,440,441,22,R11,R13,R,612
934,441,442,20,R13,R14,N,705
935,441,442,25,R13,R14,W,187
936,441,442,22,R13,R14,R,612
937,442,443,20,R14,R15,N,705
938,442,443,25,R14,R15,W,187
939,442,443,21,R14,R15,Q,125
940,442,443,22,R14,R15,R,613
941,442,444,20,R14,R16,N,12
942,442,444,21,R14,R16,Q,734
943,443,444,20,R15,R16,N,705
944,443,444,25,R15,R16,W,187
945,443,444,21,R15,R16,Q,125
946,443,444,22,R15,R16,R,613
947,444,445,20,R16,R17,N,717
948,444,445,25,R16,R17,W,187
949,444,445,21,R16,R17,Q,859
950,444,445,22,R16,R17,R,613
951,445,446,20,R17,R18,N,476
952,445,446,25,R17,R18,W,187
953,445,446,21,R17,R18,Q,125
954,445,446,22,R17,R18,R,613
955,445,448,20,R17,R20,N,241
956,445,448,21,R17,R20,Q,734
957,446,447,20,R18,R19,N,476
958,446,447,25,R18,R19,W,187
959,446,447,21,R18,R19,Q,125
960,446,447,22,R18,R19,R,613
961,447,448,20,R19,R20,N,476
962,447,448,25,R19,R20,W,187
963,447,448,21,R19,R20,Q,125
964,447,448,22,R19,R20,R,613
965,448,449,20,R20,R21,N,476
966,448,449,25,R20,R21,W,187
967,448,449,21,R20,R21,Q,125
968,448,449,22,R20,R21,R,613
969,449,450,20,R21,R22,N,476
970,449,450,25,R21,R22,W,187
971,449,450,21,R21,R22,Q,125
972,449,450,22,R21,R22,R,613
973,450,451,20,R22,R23,N,133
974,450,451,25,R22,R23,W,187
975,450,451,22,R22,R23,R,613
976,451,452,20,R23,R24,N,133
977,451,452,25,R23,R24,W,187
978,451,452,22,R23,R24,R,613
979,452,453,20,R24,R25,N,133
980,452,453,25,R24,R25,W,187
981,452,453,22,R24,R25,R,613
982,453,454,20,R25,R26,N,133
983,453,454,25,R25,R26,W,187
984,453,454,22,R25,R26,R,613
985,454,455,20,R26,R27,N,133
986,454,455,25,R26,R27,W,187
987,454,455,22,R26,R27,R,613
988,455,456,20,R27,R28,N,133
989,455,456,25,R27,R28,W,5
990,455,456,22,R27,R28,R,733
991,456,457,20,R28,R29,N,133
992,456,457,25,R28,R29,W,5
993,456,457,22,R28,R29,R,733
994,457,458,20,R29,R30,N,133
995,457,458,25,R29,R30,W,5
996,457,458,22,R29,R30,R,733
997,458,459,20,R30,R31,N,165
998,458,459,25,R30,R31,W,5
999,458,459,12,R30,R31,D,157
1000,458,459,22,R30,R31,R,733
1001,459,460,20,R31,R32,N,165
1002,459,460,25,R31,R32,W,5
1003,459,460,12,R31,R32,D,157
1004,459,460,22,R31,R32,R,733
1005,459,464,20,R31,R36,N,552
1006,459,464,12,R31,R36,D,571
1007,460,461,20,R32,R33,N,165
1008,460,461,25,R32,R33,W,5
1009,460,461,12,R32,R33,D,157
1010,460,461,22,R32,R33,R,733
1011,461,462,20,R33,R34,N,165
1012,461,462,25,R33,R34,W,5
1013,461,462,12,R33,R34,D,157
1014,461,462,22,R33,R34,R,733
1015,462,463,20,R34,R35,N,165
1016,462,463,25,R34,R35,W,5
1017,462,463,12,R34,R35,D,157
1018,462,463,22,R34,R35,R,733
1019,463,464,20,R35,R36,N,165
1020,463,464,25,R35,R36,W,5
1021,463,464,12,R35,R36,D,157
1022,463,464,22,R35,R36,R,733
1023,464,465,20,R36,R39,N,194
1024,464,465,25,R36,R39,W,3
1025,464,465,22,R36,R39,R,732
1026,464,467,20,R36,R41,N,523
1027,465,466,20,R39,R40,N,194
1028,465,466,25,R39,R40,W,3
1029,465,466,22,R39,R40,R,732
1030,466,467,20,R40,R41,N,194
1031,466,467,25,R40,R41,W,3
1032,466,467,22,R40,R41,R,732
1033,467,468,22,R41,R42,R,732
1034,468,469,22,R42,R43,R,732
1035,469,470,22,R43,R44,R,732
1036,470,471,22,R44,R45,R,732
1037,472,473,23,S01,S03,S,714
1038,473,474,23,S03,S04,S,714
1039,475,476,24,S09,S11,SIR,319
1040,476,477,24,S11,S13,SIR,319
1041,477,478,24,S13,S14,SIR,319
1042,478,479,24,S14,S15,SIR,319
1043,479,480,24,S15,S16,SIR,319
1044,480,481,24,S16,S17,SIR,323
1045,481,482,24,S17,S18,SIR,323
1046,482,483,24,S18,S19,SIR,323
1047,483,484,24,S19,S20,SIR,322
1048,483,495,24,S19,S31,SIR,19
1049,484,485,24,S20,S21,SIR,322
1050,485,486,24,S21,S22,SIR,322
1051,486,487,24,S22,S23,SIR,313
1052,486,495,24,S22,S31,SIR,9
1053,487,488,24,S23,S24,SIR,313
1054,488,489,24,S24,S25,SIR,313
1055,489,490,24,S25,S26,SIR,313
1056,490,491,24,S26,S27,SIR,313
1057,491,492,24,S27,S28,SIR,313
1058,492,493,24,S28,S29,SIR,313
1059,493,494,24,S29,S30,SIR,313
1060,494,495,24,S30,S31,SIR,313
